id,old_region,new_region,disposition
b3b8776e-5a43-4fa9-a548-45ca08174934,"1 Lyell St","Canberra District",tier1-live-spatial
e49881a0-60cf-4e4c-8698-54fb040b5f92,"18 King George Terrace, Parkes, ACT 2600","Canberra District",tier1-live-spatial
7a9c96bc-d956-4d4f-8a0b-0bab69d25ac4,"18 National Circuit","Canberra District",tier1-live-spatial
96bffba1-7231-4e40-af08-ee74dc346953,"2/3 Wiluna St","Canberra District",tier1-live-spatial
698f0516-5d34-44e4-9364-ac855dae802f,"325 Kambah Pool Rd","Canberra District",tier1-live-spatial
11b1a7fe-e9e5-4e2c-8187-3a07ea71c9aa,"47 Jardine St","Canberra District",tier1-live-spatial
ca5bf769-ae36-4a20-b71f-850249abac12,"68 Bandjalong Cres","Canberra District",tier1-live-spatial
b2d79f27-fe13-4cc0-ae5b-505098547a48,"69 Canberra Ave","Canberra District",tier1-live-spatial
fd9b2d66-5fab-447f-969d-0dc56a6ef200,"Tharwa, ACT","Canberra District",tier1-live-spatial
0014b4b8-e7ef-4af0-875b-ec363b29bf6f,"Lime Kiln Rd, Australian Capital Territory","Canberra District",tier3-best-judgment
81b5b359-3bad-41d3-bd58-a44e794fd507,"1 Badgery Cres","Blue Mountains",tier1-live-spatial
cf2023af-49e3-4a30-ae3e-3f13ff0eb9c9,"13-17 Brightlands Ave","Blue Mountains",tier1-live-spatial
aa2d68a6-060c-4549-98c0-4823afd9c44c,"17b Tusculum Rd","Blue Mountains",tier1-live-spatial
3d66f3f0-9b5c-41ee-a64b-27c486873473,"186 Chapman Parade","Blue Mountains",tier1-live-spatial
18a0b97f-6110-4b04-baab-298cb3bb16cc,"19 Station St","Blue Mountains",tier1-live-spatial
0623600e-b905-49a9-9297-c1d83f34dc04,"194 Great Western Hwy","Blue Mountains",tier1-live-spatial
00b3d744-b2c3-4299-83f9-ce14978dfc27,"2 Closeburn Dr","Blue Mountains",tier1-live-spatial
b1362bcd-8b75-43cb-a390-7465216a33bf,"46 Portland Rd","Blue Mountains",tier1-live-spatial
4a6281a5-19ea-4ab9-b2c6-cb974f69948d,"88 Fletcher St","Blue Mountains",tier1-live-spatial
72e0dc72-a8f3-416b-a011-ee4f7da5203d,"Katoomba, NSW","Blue Mountains",tier1-live-spatial
aa01c5f5-6d0e-4705-8708-6d9d8b65a10f,"439 Federal drive, Federal","Byron Bay",tier1-live-spatial
052ccea9-6bc9-4b74-9dcd-4c8f29db2366,"698 Left Bank Rd","Byron Bay",tier1-live-spatial
60efe547-729f-4a14-9f25-745d5f588292,"Byron Bay, NSW","Byron Bay",tier1-live-spatial
eb94d7cb-9afa-4db2-96dd-835388ace3df,"Byron Shire, NSW","Byron Bay",tier1-live-spatial
88f43f2d-7222-4d0f-8616-3b6a523e25d2,"1692 Murrumbateman Road, Gundaroo","Canberra Wine District",tier1-live-spatial
fad13ff4-7634-4512-9819-6d109b90cd2f,"196 Brooklands Road, Wallaroo, NSW,","Canberra Wine District",tier1-live-spatial
36a7275f-aba3-4c80-bdb3-35414a0b07b6,"92 Meehan St","Canberra Wine District",tier1-live-spatial
801e4bcc-dede-4708-bc2b-e324068f81e4,"1 Darkinjung Rd","Central Coast",tier1-live-spatial
1c74fbfd-33d7-4f1a-bce7-8901a38f736c,"36 Webb St","Central Coast",tier1-live-spatial
8758be2d-e10b-4581-bb68-14ad5d464a2c,"8 Russell Drysdale Street, ​East Gosford","Central Coast",tier1-live-spatial
0908ab4c-21bd-4716-81fb-1ec411c2e95f,"116 Old Pacific Hwy","Coffs Coast",tier1-live-spatial
14690d54-5a4f-4b94-bcaf-1acb6cdfe665,"235 The Mountain Way","Coffs Coast",tier1-live-spatial
0b612920-0258-4394-bba8-00e983667a9a,"1260 Broke Rd","Hunter Valley",tier1-live-spatial
594ba9ce-a2e3-4671-8efd-73cf95387ba4,"5/65 John Street Singleton NSW","Hunter Valley",tier1-live-spatial
934336cc-5897-4efd-af4f-d3522fb16c5a,"659 Hermitage Rd","Hunter Valley",tier1-live-spatial
d7a8c5e9-581f-4f7e-aa40-3512f8c117e4,"1257 Windeyer Rd","Mudgee",tier1-live-spatial
39009df0-cae7-4d27-877f-2af54302b654,"15 Borambil Road Quirindi, New South Wales","New England North West",tier1-live-spatial
49e87bc6-397d-47bf-86f5-8cd4083f8f58,"Fossickers Way, Warialda Rail","New England North West",tier1-live-spatial
a437b1c7-d193-46a6-8dd1-fbcfa429c70e,"3 Elizabeth St, Tighes Hill, NSW","Newcastle",tier1-live-spatial
dd0194f2-429c-4899-b9fc-c159a5e9ed2f,"10 Junction St","Northern Rivers",tier1-live-spatial
c098bee0-c215-4bac-abbb-3008142bdd42,"15 Kirkland Court","Northern Rivers",tier1-live-spatial
935fb6ec-4303-4c05-9f42-e89eab876edd,"19/21 Broadway","Northern Rivers",tier1-live-spatial
f1b6292a-fba6-44f6-b6df-4c803c069687,"274 Mount Burrell Rd","Northern Rivers",tier1-live-spatial
90a5e02a-967b-43e7-88c8-c81f050bb73f,"38 Killen Falls Dr","Northern Rivers",tier1-live-spatial
0078fe3a-8a19-4d50-b110-1b108d4138b6,"46 Red Ln","Northern Rivers",tier1-live-spatial
4641d44d-229e-46fe-a817-96167716aca6,"Hunter Valley, NSW","Northern Rivers",tier1-live-spatial
010e692f-20f6-4df2-a50e-573c8407b698,"30 Hilton Lane","Orange",tier1-live-spatial
38304084-98a6-4036-bf59-e0a6b6c43767,"2001 Toms Creek Rd","Port Macquarie & Hastings",tier1-live-spatial
1d366b1f-8563-413b-a49a-8b7c677dcefa,"1218 Nangus Road, Gundagai","Riverina",tier1-live-spatial
7756829c-4397-463f-ad30-b4bec98aa2e1,"4388 Batlow Rd","Snowy Mountains",tier1-live-spatial
b159ec2a-2314-4a29-8911-d743f6bb2a2d,"5661 Kosciuszko Rd","Snowy Mountains",tier1-live-spatial
1f8d1534-7739-47c3-a163-a25cc7ef1866,"770 Werralong Rd","Snowy Mountains",tier1-live-spatial
108449a2-2fa4-4bfb-af5a-64794d3622e7,"127 Jerrara Rd","South Coast NSW",tier1-live-spatial
bfedaca5-bda2-494c-b2f2-61089cef9f1e,"185 Wallaby Hill Rd","South Coast NSW",tier1-live-spatial
af8b7de1-6642-4b6a-96d4-6e7ff2d61983,"256 Saddleback Mountain Rd","South Coast NSW",tier1-live-spatial
2573e47d-bc03-4246-885e-c4f809a7a0e4,"Kiama, NSW","South Coast NSW",tier1-live-spatial
c82273da-45b0-4563-a184-7b6ca74e209a,"Unit 3, 51 Rowlins Road GERRINGONG","South Coast NSW",tier1-live-spatial
b21fefc5-2ad7-48b6-98cf-e7c6337875b0,"1480 Wombeyan Caves Rd High Range Nr","Southern Highlands",tier1-live-spatial
09bb2a22-6cd6-49c1-a8d8-862a529e5cbc,"7 Oldbury St","Southern Highlands",tier1-live-spatial
4c095ec4-3611-465c-be95-7742e0fb28db,"96 Osborn Ave  Bundanoon NSW","Southern Highlands",tier1-live-spatial
1860acf8-d9b8-4838-a1d2-02f9d6148fd8,"1 Mrs Macquaries Rd","Sydney",tier1-live-spatial
02e1f59a-31d9-4740-a0ee-5560ddb3ce85,"10 Blacks Road, Arcadia","Sydney",tier1-live-spatial
c5e1b90e-47da-431c-92d5-1b831117a74b,"10 Edwin St, Mortlake NSW","Sydney",tier1-live-spatial
7f3552f6-60bc-41b4-86af-bee922059433,"11 Dent St","Sydney",tier1-live-spatial
4dab3597-07ee-4590-a28a-981be228fda1,"113 - 115 Hall Street, Bondi Beach","Sydney",tier1-live-spatial
a689ad46-5572-4bc1-9d91-ba5e8eb0b8a5,"126 Beach St, Coogee, NSW","Sydney",tier1-live-spatial
cd695fce-654d-4a1f-b699-93d1f3c56d5e,"188 King Street Newtown","Sydney",tier1-live-spatial
50225869-58fd-47b4-ad89-7e87d4705d04,"19 Oxford Street Paddington Sydney","Sydney",tier1-live-spatial
77443c22-1da1-44d2-b515-9f7bf9247239,"196a Denison Rd","Sydney",tier1-live-spatial
b70ebce6-6b8f-4a43-9f63-9f980d3bba9e,"2 Warraba Rd","Sydney",tier1-live-spatial
4390d3a5-f3d4-4a2a-bfa8-e6a87ddc3c45,"2/8A Hughes St","Sydney",tier1-live-spatial
d18005f5-b2c7-432d-9882-91fca8dda391,"20 Narabang Way","Sydney",tier1-live-spatial
b1c6c1d0-7a3e-403e-83d5-538ed0f98d2f,"245 Princes Highway, Kogarah","Sydney",tier1-live-spatial
2d2bfe57-aa18-4780-a96d-60f15f49401d,"26 Fariola St","Sydney",tier1-live-spatial
a9da0a1c-5e90-45da-9f80-e5c35b3f2781,"267 Darlinghurst Road.  Darlinghurst","Sydney",tier1-live-spatial
e331d4a6-eef5-4dbf-82a3-2baf274fa550,"268 Darling Street Balmain NSW 2041","Sydney",tier1-live-spatial
e119616e-e34c-4c6c-885d-3781f6a09fed,"277 Johnston St","Sydney",tier1-live-spatial
4e729daa-1878-413f-b0d2-4c9778905983,"300 Botany Road  Alexandria","Sydney",tier1-live-spatial
7930d2f7-2257-4067-921e-2054986932ac,"324 Norton St","Sydney",tier1-live-spatial
1d1b7d06-88a7-409d-84c4-dab44a5658d4,"34 The Avenue, Randwick","Sydney",tier1-live-spatial
b4be3bb3-a7da-42b5-83d3-b0a909fd22e7,"34/277 Crown Street, Surry Hills Sydney","Sydney",tier1-live-spatial
14998f58-9736-482d-bb0a-a8c8460977d1,"41 Mcclymonts Rd","Sydney",tier1-live-spatial
8d1d1ff2-8aff-4719-8de6-6b483e8c8205,"431 Crown St","Sydney",tier1-live-spatial
ede400bb-1bc4-4de1-97b4-d8550da05366,"44a Wattle St  Ultimo","Sydney",tier1-live-spatial
c55d8027-5132-4ca7-a510-439eaeecee1e,"45 Jubilee Ave","Sydney",tier1-live-spatial
83350371-0b07-425b-a290-434a6741c3df,"49/59 O'Riordan St, Alexandria","Sydney",tier1-live-spatial
9cc2bf57-8ec4-4ee8-bd0f-606a65ce90d4,"511 Kent Street (Entrance on Bathurst St.), Sydney,","Sydney",tier1-live-spatial
911f1f9b-1f91-4926-8d9e-6d5180a8f5a8,"6 East Terrace","Sydney",tier1-live-spatial
0e3c3e73-414d-481a-b5b0-564beba3b0d9,"61 Harris Street, Pyrmont","Sydney",tier1-live-spatial
5cd8676f-ef39-4c42-90e8-b746a1b83e4a,"65 Sussex St","Sydney",tier1-live-spatial
99c82dda-3778-4752-8736-5e7cec6eeb4d,"7 Manning Street, Kingswood, NSW","Sydney",tier1-live-spatial
91590762-1732-4a39-af58-718bf50fbcdb,"760 Darling St","Sydney",tier1-live-spatial
d35f4581-1b33-415d-81bc-a5db44bf5b05,"842 Pacific Highway Gordon NSW 2072 Australia","Sydney",tier1-live-spatial
00827c26-6b5a-475e-8ba0-9758e97bd2f8,"97 Cronulla St","Sydney",tier1-live-spatial
dae64474-394a-4845-99fe-716ac1cf07c7,"99 Victoria Rd","Sydney",tier1-live-spatial
529f9e91-bb8d-42c1-a9b6-1ce13ae9e233,"228 Keira St, Wollongong NSW","Wollongong",tier1-live-spatial
7b67c4f2-8945-41fb-b794-13ed796da9fe,"31 Stonehaven Rd, Stanwell Tops NSW","Wollongong",tier1-live-spatial
aef739ba-1047-4580-8af0-32535a680108,"4/4 George St, Warilla NSW 2528","Wollongong",tier1-live-spatial
7341066d-c4ef-4e05-bf62-00daab6bac45,"94 Darkes Road,  Stream Hill NSW 2526","Wollongong",tier1-live-spatial
8970d258-f71e-455a-a37d-984cbd9369fa,"Shop 15B, 110-114 Crown St, Wollongong","Wollongong",tier1-live-spatial
6502f1b7-6f55-4a72-a9ed-e597d9ee29cd,"1-3 Bridge Street, Muswellbrook NSW","Muswellbrook",tier2-address-locality
f57db8af-b945-40b1-bd8a-2c989f7bb4e4,"1800 Glen Davis Rd","Glen Davis",tier3-best-judgment
8dd344f5-4097-490c-897a-ecac7848871d,"2 Euroka Ave","Kempsey",tier3-best-judgment
768dcf7f-2e42-4eab-8fa6-0a35a603717b,"3105 Remembrance Driveway","Bargo",tier2-address-locality
43aabcdc-8718-4c69-a685-c3a0f53d347f,"32 Bean Ln",,tier3-null-undeterminable
fb1eef55-c8a8-4d6d-bef5-2bd40fea6a3a,"333 Carmichaels Lane Coonabarabran NSW 2357 Australia","Coonabarabran",tier2-address-locality
2acf579c-e1e4-4e02-8c24-5a236b0b35ad,"4 Ocean Street Yamba","Yamba",tier2-address-locality
22f475e1-e6fe-458b-a7ab-547ad3df1753,"40 Seal Rocks Rd","Seal Rocks",tier3-best-judgment
d53de57d-98a2-42db-8561-375b454db983,"424 Moonabung Rd","Vacy",tier2-address-locality
1662115f-8e56-4385-8406-81f3224efc17,"43 Edward St","The Oaks",tier2-address-locality
f2b2e684-f2bc-4066-b4af-1e457d6f613d,"8 Regatta Ave Ballina NSW Australia","Ballina",tier2-address-locality
bddab12d-6105-4f0d-80af-64d9237121b6,"824 Fosterton Rd","Dungog",tier2-address-locality
9390f68d-3f78-4348-b71a-9584e97d9ca8,"969 Bombah Point Rd","Bombah Point",tier3-best-judgment
6e13b9a5-b562-4433-b44a-1992c613fb3a,"13 Elder St","Alice Springs & Red Centre",tier1-live-spatial
f155b90e-d7ab-4b84-9497-105f4d155db1,"27 Tuncks Rd","Alice Springs & Red Centre",tier1-live-spatial
0aa51960-efcf-4077-bb6c-6a91ad6dc553,"4/11 Todd St","Alice Springs & Red Centre",tier1-live-spatial
2d76486f-46b8-4f4a-97a1-9f61541df9f2,"45 Todd Mall","Alice Springs & Red Centre",tier1-live-spatial
ddcff870-cdc6-4fe7-aa78-725371e4b314,"47 Raberaba Cct, Hermannsburg NT 0872","Alice Springs & Red Centre",tier1-live-spatial
ff9df19c-657a-46f5-90b6-17e3a076fc1b,"19 Kitchener Dr","Darwin & Top End",tier1-live-spatial
a252fc34-6b0b-4ed4-958b-881706171df5,"32 Mitchell Street, Darwin City NT","Darwin & Top End",tier1-live-spatial
ca68feab-4d3c-46b4-b4ce-6501b5484a1a,"4 Burnett Pl","Darwin & Top End",tier1-live-spatial
765e8bdb-c594-4899-ad70-badc646804f6,"4295 Fog Bay Rd","Darwin & Top End",tier1-live-spatial
cd7d0b97-951a-4d6e-9086-89fdd2820b0b,"48/12 Charlton Ct","Darwin & Top End",tier1-live-spatial
8cea432d-7bba-4470-84d4-fb263b01bc14,"6 The Blvd","Darwin & Top End",tier1-live-spatial
a3656448-43a7-4a1d-a7c3-e7c8ab6c024b,"7 Kitchener Dr","Darwin & Top End",tier1-live-spatial
7ac3ed63-9038-4757-b684-8df9a0c988d0,"Timor Sea, Tiwi Islands NT","Darwin & Top End",tier1-live-spatial
2407a04a-d75a-4a49-9ba6-f758a0261c3c,"20 Christie Rd","Katherine",tier2-address-locality
b47e4e93-31af-4c22-824c-b6b8c16aa0e5,"Noosa, QLD","Adelaide",tier1-live-spatial
055ba698-c3c3-4afc-ab59-37ff0ad755a5,"1/17 Chrome Street Salisbury","Brisbane",tier1-live-spatial
a43cb4c0-3a26-4664-9a30-33028c7a9789,"135 James St","Brisbane",tier1-live-spatial
aa0e89fc-5298-4ff0-b7f1-e9868a11debb,"147E Alice Street, Brisbane City","Brisbane",tier1-live-spatial
750e7f42-295b-4607-93f1-91af595d51ce,"152 Mount Coot-Tha Rd","Brisbane",tier1-live-spatial
1589c123-d211-4a65-a6b3-0957b18ef856,"167 Latrobe Terrace, Paddington, QLD, 4064","Brisbane",tier1-live-spatial
2152b744-3a02-49af-bb54-1fca0c1cb560,"218 Given Ter","Brisbane",tier1-live-spatial
bc55d017-533f-432b-99c7-e7560e0b9b57,"25 Anstey St","Brisbane",tier1-live-spatial
bf1d4f08-7e2e-488e-aecb-fb06c4464a0f,"25 Leigh St","Brisbane",tier1-live-spatial
27e6a0f7-9c15-46d1-bfd8-c5c0b68f066b,"29 River Terrace, Kangaroo Point","Brisbane",tier1-live-spatial
e14cee5d-7b8d-4c1d-a24d-30161f2e6ee8,"3 ELLISON ROAD GEEBUNG","Brisbane",tier1-live-spatial
d8ea5523-524c-4a14-b534-8739f4c25ff6,"313 Logan Rd","Brisbane",tier1-live-spatial
cba8a006-d1f8-4932-9867-7c7ce6aae805,"360 Logan Rd","Brisbane",tier1-live-spatial
1038b011-0810-4a24-8785-af13fa2f6768,"37 Balfour St","Brisbane",tier1-live-spatial
3a226fc3-ed46-4cf8-8c26-b9123d976fdd,"399 Queen St","Brisbane",tier1-live-spatial
15499c39-e362-4140-8a68-e6fa12ffeafe,"5 Overend Street, East Brisbane QLD, 4169","Brisbane",tier1-live-spatial
bc967b6c-cf0f-4e8f-8b62-eaa6fd0af6b0,"545 Old Cleveland Rd, Camp Hill","Brisbane",tier1-live-spatial
9f9408f9-58b3-4675-bbc5-30eaaf8f8c59,"63 Melbourne Street, Rocklea QLD 4106","Brisbane",tier1-live-spatial
35abad33-ee8f-49fa-9e8b-9706490027d2,"707 Ann St","Brisbane",tier1-live-spatial
0e08d293-28d3-4175-b4bc-949a287b790e,"72 Heal St","Brisbane",tier1-live-spatial
e2fbb5ab-c629-4e56-b6b0-bb3165acde99,"900 Brunswick St","Brisbane",tier1-live-spatial
f22a0640-cd0e-4a99-bf05-18d5477534f0,"92A Arthur Ter","Brisbane",tier1-live-spatial
05d5c47c-a1c5-4bf0-8b5e-59a00906472d,"Shop 1 / 113 Oxley Station Road Oxley, Brisbane","Brisbane",tier1-live-spatial
46704797-4088-4841-af13-366ba79e2270,"Shop 3, The Mall, 3/222 Stratton Terrace, Manly QLD","Brisbane",tier1-live-spatial
75dd05fd-ba6c-4339-b11b-e71795a11612,"18A Eacham CL, Yungaburra, AU 4884","Cairns & Tropical North",tier1-live-spatial
ae7382b2-7908-4a8f-85b1-27e6ecda4777,"247 Hogan Rd","Cairns & Tropical North",tier1-live-spatial
86cacf5a-f04b-40ab-a98f-1f3009418d34,"324 Land Road, Malanda","Cairns & Tropical North",tier1-live-spatial
05e9cf52-5ab4-44a0-9206-5632bbce22ce,"345 Byrnes Street, Mareeba","Cairns & Tropical North",tier1-live-spatial
1f42873b-6d12-4c94-8633-777aeff14c12,"70 Hunt Road, Peeramon","Cairns & Tropical North",tier1-live-spatial
f89942be-9f5c-4a10-b551-eaf81dab7e82,"216 Arnolds Rd, Byfield QLD 4703","Capricorn Coast",tier1-live-spatial
c8ec22be-e03b-4663-be09-99c6d8778f45,"9790 Cunningham Hwy, Tregony","Granite Belt",tier1-live-spatial
f6f0ccda-1a19-40b5-b6dc-9da2bef9efb9,"1531 Beechmont Rd, Beechmont","Scenic Rim",tier1-live-spatial
4fa14d4f-be38-4a5e-aa04-eb8014a5736a,"25 Forsythia Dr","Scenic Rim",tier1-live-spatial
ccd23158-9a44-49b0-af05-8c594dc7e82f,"298 Cainbable Creek Rd, Cainbable Queensland","Scenic Rim",tier1-live-spatial
24f2a71b-a71a-4413-ac7a-d3a5edc07ec4,"3009 Christmas Creek Rd, Lamington Queensland","Scenic Rim",tier1-live-spatial
61a2923c-6cdf-43e8-807a-4b9f834b328a,"312 Boyland Rd","Scenic Rim",tier1-live-spatial
d4ddea9c-8c6e-4796-aab2-6dce33a34f00,"3196 Christmas Creek Rd. Lamington","Scenic Rim",tier1-live-spatial
3a4ed325-a366-4f24-9a36-8d4318c18a84,"3338 Kerry Rd","Scenic Rim",tier1-live-spatial
fda434b9-c29a-40d7-b8cb-737c4d45c60b,"726 Green Hills Rd","Scenic Rim",tier1-live-spatial
34a97730-fad8-43e2-be43-cd8dfeceb957,"97 Cedar Glen Rd","Scenic Rim",tier1-live-spatial
c88f1415-74f6-48f5-b606-0fc075526088,"99 Alpine Terrace  Tamborine Mountain","Scenic Rim",tier1-live-spatial
86321507-4b2f-4ab8-9783-5e778e2e9dbc,"2/8 Venture Drive, Noosaville QLD","Sunshine Coast",tier1-live-spatial
46efe001-19f4-4035-8247-806c96e7284b,"Shop 10, Noosa Homemaker Centre, Thomas street, Noosaville, QLD","Sunshine Coast",tier1-live-spatial
4b3da4fc-0936-4cd3-8cd5-3a2d72600b65,"1-41 Pioneer Road, Yandina QLD","Sunshine Coast Hinterland",tier1-live-spatial
f0e6e951-2aa0-4db7-b9cc-1ed91479e6a7,"115 Wust Rd","Sunshine Coast Hinterland",tier1-live-spatial
e0270d72-0dcd-4fc5-ac61-cce5eb6a1277,"191 Old Peachester Road, Beerwah","Sunshine Coast Hinterland",tier1-live-spatial
0e970581-f82f-4573-a52c-712f4ba45c18,"198 Barrs Road, Glass House Mountains","Sunshine Coast Hinterland",tier1-live-spatial
f6a4010c-f1f5-4935-9537-71503486533c,"20 Kondalilla Falls Rd","Sunshine Coast Hinterland",tier1-live-spatial
fa5a000a-d249-4c71-b32d-d08c52c1114c,"233 Maleny Stanley River Rd","Sunshine Coast Hinterland",tier1-live-spatial
ee392d76-35ea-4b3d-a7df-600ef61bf750,"316 Brandenburg Rd","Sunshine Coast Hinterland",tier1-live-spatial
af7d154e-ebfc-4317-980f-55266dc3009e,"318 Western Ave","Sunshine Coast Hinterland",tier1-live-spatial
221efe5a-87ae-4ce9-8c16-905eb2f61bce,"35 Rose Gum Ln, Maleny QLD","Sunshine Coast Hinterland",tier1-live-spatial
ad2bb055-7ad6-4cc8-ba49-6e52a4554e3b,"36 Carruthers Rd","Sunshine Coast Hinterland",tier1-live-spatial
554c8219-95ef-43b2-86a4-1f1ddb79ac71,"396 Western Ave, Montville","Sunshine Coast Hinterland",tier1-live-spatial
00cfe985-4b17-417c-9125-d7913f0da087,"43 McCarthy Road, Maleny","Sunshine Coast Hinterland",tier1-live-spatial
597dd36d-90c1-4bc7-9426-c75f019b1172,"5/4-6 Little Main St","Sunshine Coast Hinterland",tier1-live-spatial
e3b3d54a-ffa0-4607-b4e9-65c4d0b0f0a4,"78 Narrows Road, Montville, Queensland","Sunshine Coast Hinterland",tier1-live-spatial
6cee8d69-f2f6-4c6e-ba65-7f5dd34a3488,"88 Irwin Road, Beerwah","Sunshine Coast Hinterland",tier1-live-spatial
1e22157f-2d2a-452f-879a-737c0aae3400,"Shop 3, 25 Maple Street Maleny QLD","Sunshine Coast Hinterland",tier1-live-spatial
81d09830-6c57-4651-a6ae-97bdcc3d5b79,"Visit us at 80 Howard Street, Nambour","Sunshine Coast Hinterland",tier1-live-spatial
74d1206a-8346-4fc1-ab8a-91fb52c9801e,"40 Flemming St","Toowoomba & Darling Downs",tier1-live-spatial
2f82c811-6f16-4ebe-8798-6cb76a771a49,"Crn New England Highway & Oxford Street, Crows Nest QLD","Toowoomba & Darling Downs",tier1-live-spatial
e6a65980-e7c1-43ac-93e2-fbb75c1e4935,"42-68 Palmer St South Townsville QLD 4810","Townsville",tier1-live-spatial
94edd075-4cee-4fdc-8c30-03abce3f6aae,"1 Seaworld Dr","Gold Coast",tier3-best-judgment
c8ce63cf-6d8b-410f-8895-124ea8c34bba,"13 Aranda Street, Slacks Creek","Slacks Creek",tier2-address-locality
719f2a2e-61a0-42ed-89d3-a310431897bb,"192 Syndicate Rd, allebudgera Valley Queensland","Tallebudgera Valley",tier3-best-judgment
b1c3617a-ba14-4bb9-8d7d-1a6840e9ad1a,"2/623 Main Rd","Wellington Point",tier2-address-locality
b671ada0-e130-4344-ad9b-12893e85c4ae,"2017 Gold Coast Hwy","Miami",tier2-address-locality
965d5d93-c344-4373-8b38-6fd65e301621,"21 Station St","Samford",tier2-address-locality
15769adf-0a9a-4b39-8b58-09d307315a9d,"22 Ironbark Rd","Daintree",tier2-address-locality
ba2a705a-caa9-47ed-9ec9-ceee5b822c2c,"26 Gray Street, New Farm","Brisbane",tier3-best-judgment
c7888cba-1eb5-4b62-8b61-1cdee8f74443,"28 Tomewin St","Currumbin",tier2-address-locality
8b7da7d0-962b-462e-8fa5-8aad39f55a87,"3-15 Jackman Street Southport Qld.","Southport",tier2-address-locality
fd814973-bf4f-4d7c-bc21-132d6f883e2c,"33 Ballow Street, Amity, Stradbroke Island","Amity",tier2-address-locality
c5cec9f2-9e9e-4998-92d1-4864290ba192,"4 Charles Ave Broadbeach, Gold Coast QLD","Broadbeach",tier2-address-locality
65ce8738-cb16-47d7-826d-9ab597fdf8f9,"4 Elizabeth St","Gold Coast",tier3-best-judgment
76e9558b-4ead-41e2-bce8-42b054a9136d,"60 Smith St",,tier3-null-undeterminable
2f80cca3-b225-4713-982f-d478c62c5a18,"65 Railway St","Mudgeeraba",tier2-address-locality
3aa4f078-b056-42a5-9680-526a9c27ee08,"Lot 1 Nelia Bunda Rd Nelia, 4823 Queensland","Nelia",tier2-address-locality
f06377d2-f142-4178-8237-f67fe0aafc3d,"Saltwater Creek Rd, Palm Groves, Queensland","Palm Grove",tier2-address-locality
3821e429-afc5-4429-a787-a3e7c58d4e36,"10 College Rd","Adelaide",tier1-live-spatial
9bddf09f-6374-459a-8dd8-8a26f14ca1b0,"1016 One Tree Hill Rd","Adelaide",tier1-live-spatial
1a0a2234-991a-4c41-a798-193eb0876e77,"11 Gawler St","Adelaide",tier1-live-spatial
de813c21-ca54-42d3-a033-bd8f8660114e,"11 Martin Rd","Adelaide",tier1-live-spatial
e53bffa7-8fea-452f-ac8c-823ba45f8778,"128 Jetty Rd","Adelaide",tier1-live-spatial
c4b664d6-87dd-4016-9fe2-07ba0c651876,"162 Flaxley Rd","Adelaide",tier1-live-spatial
bd8dc4cc-6bab-479b-a3c8-c0c1ef46b4ab,"17 Francis Rd","Adelaide",tier1-live-spatial
fcd6ef04-87a8-428b-a323-eea4f397f534,"2/74 Baden Terrace","Adelaide",tier1-live-spatial
ca8f37c9-575c-4beb-8e9b-82353d969051,"233 Morphett Street, Adelaide","Adelaide",tier1-live-spatial
f828e948-3055-4a04-887d-06b839e4551a,"253 Grange Rd","Adelaide",tier1-live-spatial
be206f10-3c4a-4808-8e38-4bd8a7574007,"26-28 Kangarilla Rd, McLaren Vale","Adelaide",tier1-live-spatial
9847989b-5bcf-4011-9724-340b71607b56,"285 Blewitt Springs Rd, Blewitt Springs","Adelaide",tier1-live-spatial
e486a7e7-6998-4c15-b3f4-2e4b9afd08d5,"3 Perseverance Rd","Adelaide",tier1-live-spatial
44b24ace-7d15-468a-b750-01bcc152c870,"306 Goodwood Road, Clarence Park, South Australia","Adelaide",tier1-live-spatial
0842f5ad-f7c1-4b80-9d40-d121d92129d0,"314 Kangarilla Rd","Adelaide",tier1-live-spatial
bc2c0823-115b-40bd-9996-12dcc55e29a9,"339 Belair Rd","Adelaide",tier1-live-spatial
1049c8b6-f1b0-4d22-9f44-35b8c575293f,"37 Martin St, Port Willunga, South Australia","Adelaide",tier1-live-spatial
a5fb3a31-db8e-4503-8745-b9c037cf0e74,"371 Plains Rd, Sellicks Hill, South Australia","Adelaide",tier1-live-spatial
9b8a2fa6-c9bf-4780-95db-cf829714e83a,"3737 Main South Rd, Sellicks Hil","Adelaide",tier1-live-spatial
d8ecc1e7-00df-4645-a6f3-c22b4fdf164f,"377 California Rd, Tatachilla","Adelaide",tier1-live-spatial
d0ac916a-8ac5-4885-a1fc-9b822a347079,"402 Main Rd, McLaren Vale SA 5171","Adelaide",tier1-live-spatial
a3cabe91-5fcf-409b-ae0a-374b8746a2f9,"44 Henley Beach Rd","Adelaide",tier1-live-spatial
66f4cba2-6630-4a67-8831-67ea193b338f,"45 Grants Gully Rd","Adelaide",tier1-live-spatial
7823994c-0093-4f32-b265-3117fd2f00d9,"46 High St, Burnside, South Australia","Adelaide",tier1-live-spatial
284748b6-b4c2-4904-b9e7-1383424c967e,"479 Payneham Rd","Adelaide",tier1-live-spatial
52ebf814-0293-40ae-8565-939be4337c36,"49 Vaughtons Track Via Warners Road, McLaren Vale","Adelaide",tier1-live-spatial
a33b3fc0-7107-4bef-8ce9-ae87bbdaeaad,"50 Range Rd W","Adelaide",tier1-live-spatial
bec8fa77-57ab-4951-80ee-a50a33d68d7e,"536 Goodwood Rd","Adelaide",tier1-live-spatial
a16c22ea-8d3f-4faa-9be6-f4bf34189445,"6 Duthy St","Adelaide",tier1-live-spatial
cc6864b7-979f-40e9-8662-1128df44076b,"6/1199 The Horsley Dr","Adelaide",tier1-live-spatial
8a0964fe-9483-4ad7-abec-9c06e7447fe7,"67 Rivers Lane McLaren Vale","Adelaide",tier1-live-spatial
4e96b371-cf17-4358-b3f1-a152257f93d3,"67 Semaphore Rd","Adelaide",tier1-live-spatial
366e32cc-b143-4a63-a22d-7240af40fb0e,"7 Osmond Terrace","Adelaide",tier1-live-spatial
33e7bd70-3c5f-461f-aee4-8e6ca11e9d67,"7 Watahuna Ave","Adelaide",tier1-live-spatial
6403ba91-4c87-464c-a87e-1ffcd3c94bb8,"8 Denis St","Adelaide",tier1-live-spatial
73f60747-8e07-40bb-ba02-9d6fb4b35367,"82 Ifould St","Adelaide",tier1-live-spatial
d1177d33-f36f-473c-aca6-134077e35e6b,"90 Rogers Rd","Adelaide",tier1-live-spatial
83aa90dd-73fd-4850-b92b-61cf04b819e9,"92 Glen Osmond Rd","Adelaide",tier1-live-spatial
991631fc-632b-42f1-a671-74aea50268fe,"Birdwood, SA","Adelaide",tier1-live-spatial
7e423df4-8c24-43c8-9e23-a322f77b60be,"118 Aldgate Valley Rd","Adelaide Hills",tier1-live-spatial
04927f66-bca1-4471-a13d-3f362cc87e15,"118 Aldgate Valley Rd, Mylor SA","Adelaide Hills",tier1-live-spatial
50a234b9-5fc2-4f2b-a00a-e1447560afee,"141 Onkaparinga Valley Road, Woodside,","Adelaide Hills",tier1-live-spatial
df517890-8cea-476a-9786-c542b4b7bfe9,"2 Glenside Lane Stirling","Adelaide Hills",tier1-live-spatial
5209e39f-e75b-4662-abf5-bf3ef91e0503,"3 Rugby Road  Aldgate South Australia","Adelaide Hills",tier1-live-spatial
bfa0c450-0b45-4ccb-9b9d-932a31599925,"365 Mount Lofty Summit Rd","Adelaide Hills",tier1-live-spatial
eea62c9c-2f45-4705-8a2a-3b7ff56bd74f,"64 Gross Rd","Adelaide Hills",tier1-live-spatial
a4a957bf-736c-4824-8df0-74a93661a61b,"759 Swamp Rd","Adelaide Hills",tier1-live-spatial
57ec1645-e75b-49c1-af58-a5d2ebd28399,"8 Mount Barker Road, Stirling, South Australia","Adelaide Hills",tier1-live-spatial
cf990f26-ba82-4b3c-a2a8-1efd11c7c24c,"9 Hoylake Ave","Adelaide Hills",tier1-live-spatial
f85171de-c0f2-4eaf-a5c7-7db9d3ef1cdb,"1246 Barossa Valley Way, Barossa, Lyndoch,","Barossa Valley",tier1-live-spatial
47618f44-60da-4cf4-9558-95dee50dd7af,"221 Yaldara Dr","Barossa Valley",tier1-live-spatial
ad9521a4-1239-498f-ad09-02642e4abc67,"346 Tweedies Gully Road Lyndoch South Australia,","Barossa Valley",tier1-live-spatial
94d185be-1f35-4f86-80e3-6d41c73e16ea,"444 Seppeltsfield Road Marananga","Barossa Valley",tier1-live-spatial
e139d315-b800-4cf6-b785-7b7f80d20243,"48 Main St","Barossa Valley",tier1-live-spatial
bd1e72c4-d0f4-4e98-aa3c-b3f76a7607bb,"564 Rifle Range Rd","Barossa Valley",tier1-live-spatial
430db259-2d3e-47ec-b7ef-534558f969aa,"23 Commercial St","Clare Valley",tier1-live-spatial
b1efd26a-0135-4aa1-8ce3-198d1c4192d6,"Frenchmans Terrace, Penneshaw, Kangaroo Island,","Kangaroo Island",tier1-live-spatial
cce955d0-03fc-45d7-90e9-e7da8efd33d9,"1 Charles St","McLaren Vale",tier1-live-spatial
24a1bbc9-5f2e-4c57-ad4e-4dffca22da38,"10 Welch Road, Victor Harbor","McLaren Vale",tier1-live-spatial
89675196-3e40-40db-8f16-9ca2f6779ef2,"333 Rarkang Rd","McLaren Vale",tier1-live-spatial
138f9c9c-0b50-4352-982b-8f16073f71d8,"14376 Goyder Hwy","Waikerie",tier2-address-locality
36cc2f7e-5e01-489a-868f-bd2fda67338a,"172 Gerogles Rd","Caloote",tier2-address-locality
f54356c7-ed90-4866-b859-c4d74b8d41a3,"230 Eudunda Rd","Barossa Valley",tier2-address-locality
99aa2753-581e-4e3a-b1e3-c0fec203ced8,"2948 Arkaroola Rd","Arkaroola Village",tier2-address-locality
206b528b-42b7-44e4-af62-642e8c0a720c,"55 Horrocks Hwy","Stone Hut",tier2-address-locality
0948fc61-c3e4-4178-bf73-ed07953973ad,"Adelaide Hills, SA","Adelaide Hills",tier2-address-locality
28e8109b-0bd8-490f-8173-1a4bdbd78dc6,"1 Goldie Street Wynyard, Tasmania","Cradle Country",tier1-live-spatial
97b0f3af-b7ef-486d-82eb-192409feee0f,"1135 Pine Road, Riana","Cradle Country",tier1-live-spatial
30cfb95e-8314-4da7-ba26-2224cbb95bfa,"148 William St, Devonport","Cradle Country",tier1-live-spatial
8704d1b9-04cc-4eef-a3b4-52e7ddb65561,"16 Alexander Terrace, Stanley","Cradle Country",tier1-live-spatial
4bb4f2c2-83dc-44e5-8a0b-63dce67e793a,"192 Careys Rd","Cradle Country",tier1-live-spatial
dc552853-db88-4c9a-bc22-09dbeb920829,"23 King Edward Street, Ulverstone, TAS","Cradle Country",tier1-live-spatial
0b4d94ef-3958-46f2-b766-47c85959a0ae,"24 Church St","Cradle Country",tier1-live-spatial
5916545a-b954-4c94-978e-7e53d1cdef48,"256c Waverley Rd","Cradle Country",tier1-live-spatial
f74c9594-803c-4c6a-9d82-39184caf6e1b,"46 Strahan St","Cradle Country",tier1-live-spatial
772c4aa6-73c0-4e9b-bf49-728949f2d3b0,"51 Formby Rd, Devonport","Cradle Country",tier1-live-spatial
55691fe3-c7fc-4bad-810d-d1f80bd3617b,"574 Castra Rd","Cradle Country",tier1-live-spatial
8fe2b14a-4033-4428-b4fd-55a7baeae3fb,"72-74 Mersey Main Road Spreyton Tasmania,","Cradle Country",tier1-live-spatial
5dc34924-892b-4ca6-8904-d8c03eca8b28,"851 Ironcliffe Rd","Cradle Country",tier1-live-spatial
b54eac7d-ddcf-427d-8ae9-bad9b5b54c70,"1011 Adventure Bay Rd","Hobart & Southern Tasmania",tier1-live-spatial
b6605696-4a83-4975-a289-a2198db5a2ae,"126 Mornington Rd, Mornington TAS","Hobart & Southern Tasmania",tier1-live-spatial
722b01b1-7f9c-4585-aab0-6e1d25b5208f,"131 Albert Rd","Hobart & Southern Tasmania",tier1-live-spatial
97428eb5-9c2a-4823-827a-b9502703caa1,"160 Church Rd, Barnes Bay TAS 7150","Hobart & Southern Tasmania",tier1-live-spatial
e8b02655-94df-4edc-83a8-2b3510b6deb8,"161 Cades Dr","Hobart & Southern Tasmania",tier1-live-spatial
6899b0a3-78a4-44e4-8e5f-1c249e7df9b8,"1755 Channel Hwy","Hobart & Southern Tasmania",tier1-live-spatial
9515f8aa-6a60-48ee-a6fe-0f9d2e6bb9bf,"20 Kangaroo Bay Drive, Rosny Park, Hobart, Tasmania","Hobart & Southern Tasmania",tier1-live-spatial
67b7b2ce-5102-4f58-a0be-17272eb80505,"20 Mary Street, Cygnet","Hobart & Southern Tasmania",tier1-live-spatial
986a5cb8-eca0-4360-94d6-d164c0649e28,"26-A Jackson St","Hobart & Southern Tasmania",tier1-live-spatial
dea3caa5-44f4-477a-8c62-b85ee1c7086d,"2862 Lyell Hwy","Hobart & Southern Tasmania",tier1-live-spatial
8c108812-34d3-4f08-9a90-f35c3699c917,"300 Browns Rd","Hobart & Southern Tasmania",tier1-live-spatial
fb2ecce5-3543-403b-acd3-6f90cbd8b7a9,"350 Chauncy Vale Rd","Hobart & Southern Tasmania",tier1-live-spatial
3c377679-d7a6-433c-9767-8d360c032ec5,"3866 Channel Highway Woodbridge","Hobart & Southern Tasmania",tier1-live-spatial
678951f6-142c-4357-9175-a765ea08fa76,"5831 Lyell Hwy","Hobart & Southern Tasmania",tier1-live-spatial
1e7e3e3f-8b57-4325-87b9-f1546bdb5235,"593 Briggs Rd","Hobart & Southern Tasmania",tier1-live-spatial
ab58e24a-77b0-45a8-b134-f989f2cbc684,"739 Brinktop Rd","Hobart & Southern Tasmania",tier1-live-spatial
4682ed7f-0af9-4529-a493-01598b08650e,"77 Howden Road, Howden","Hobart & Southern Tasmania",tier1-live-spatial
0a313c45-07a4-46cd-a4d1-47af10c50093,"9 Crowthers Rd","Hobart & Southern Tasmania",tier1-live-spatial
83049f7a-1a37-4d3e-a3d1-2c011f628011,"90 Cradoc Hill Rd, Cradoc","Hobart & Southern Tasmania",tier1-live-spatial
3bf39127-9ed2-4f1a-a9ee-7377a39c61e4,"911 Coolangatta Rd","Hobart & Southern Tasmania",tier1-live-spatial
34b2ec0d-8234-457f-b017-7dccafe1219c,"Bruny Island, TAS","Hobart & Southern Tasmania",tier1-live-spatial
ee1f241b-d4af-45fa-aec3-a11d10bdbaf8,"Facebook     Instagram  10 Sunderland Street Moonah, Hobart","Hobart & Southern Tasmania",tier1-live-spatial
6aab555d-914e-489b-a55b-dfb76fdf5e6a,"Glen Huon, TAS","Hobart & Southern Tasmania",tier1-live-spatial
2e21573d-3b66-4b72-a564-8c1b67039d51,"Moonah, TAS","Hobart & Southern Tasmania",tier1-live-spatial
023efdfb-2ddd-4865-b7a0-49d4e2bb9ac6,"Wiggins Rd, Wattle Hill TAS","Hobart & Southern Tasmania",tier1-live-spatial
073d44f6-8411-418c-ad54-4c7c93e8766d,"112 Lansdowne Cres","Hobart City",tier1-live-spatial
9105e149-4dcb-4517-97a5-a6c7fe787d31,"128 Bathurst St","Hobart City",tier1-live-spatial
bdc90477-7487-410c-a4a5-3f55385bf374,"130 Macquarie St","Hobart City",tier1-live-spatial
34aa60d2-5f0a-4dec-94ac-8c13a5d245f1,"147 Argyle St","Hobart City",tier1-live-spatial
15905a30-1f32-45d2-8540-719adc8e4716,"151/153 Argyle Street, Hobart","Hobart City",tier1-live-spatial
6e016212-766d-4783-8790-25219970a4c1,"16 Argyle St","Hobart City",tier1-live-spatial
92d11380-9071-4dd2-8ee3-bafee158fe62,"160-162 Elizabeth Street, Hobart","Hobart City",tier1-live-spatial
0f833a7b-bbf7-4d79-a73a-a18d9068c631,"167A Harrington Street Hobart Tasmania","Hobart City",tier1-live-spatial
b42e7346-6c01-48c6-bf49-a54f7af0e07e,"170 New Town Road New Town TAS","Hobart City",tier1-live-spatial
a708216f-d640-478c-9091-d8cff0909a5e,"173 Elizabeth St","Hobart City",tier1-live-spatial
e240b54c-27d3-4a1f-b25c-791e93a02ec9,"219B Murray St","Hobart City",tier1-live-spatial
b2ede266-2644-4a9c-b46b-248fe3237849,"29 Hampden Rd","Hobart City",tier1-live-spatial
43b45048-4f5a-445b-886a-a3af56e72a09,"321 Davey Street,  Hobart,","Hobart City",tier1-live-spatial
fb334867-b967-4d15-b965-beea7a85ebc0,"377 Elizabeth St","Hobart City",tier1-live-spatial
c9d8181f-feac-49fe-8edc-23f7abb50bf2,"40 Swanston Street, New Town Tasmania","Hobart City",tier1-live-spatial
7f39d5ae-f55d-42d2-88ad-d0fea5c03f89,"42 Waterworks Rd","Hobart City",tier1-live-spatial
63d78d1c-719a-435f-83bb-2adadab7dff2,"47 Sandy Bay Rd","Hobart City",tier1-live-spatial
20d6b4c5-f538-406e-8ed8-cd7d86f91fe7,"57A Brisbane St","Hobart City",tier1-live-spatial
3122de36-1d42-44be-bd15-8bf4ed375c0f,"57C Patrick St","Hobart City",tier1-live-spatial
b328d348-b869-480c-85d0-eac4e9dad95d,"7 Gregory St","Hobart City",tier1-live-spatial
4e504f53-8838-4e34-827a-f5563b37a87d,"9-11 Murray St","Hobart City",tier1-live-spatial
d12c1ab3-46e7-4029-9eb5-478e78cc5cc1,"93 Goulburn Street West Hobart","Hobart City",tier1-live-spatial
15371f81-0c78-4b92-bb90-771f688e9f10,"95 Brooker Hwy","Hobart City",tier1-live-spatial
5bcfa122-9b77-4af4-9d91-5991fba79bb0,"Hobart, TAS","Hobart City",tier1-live-spatial
af23a12d-ca2a-49b9-9275-96bc9ee9818a,"114 Marlborough St, Longford","Launceston & Tamar Valley",tier1-live-spatial
8cc3300a-6dd8-470f-ad63-abf87a04d0fa,"1204 Long Marsh Rd,  Lake Leake,","Launceston & Tamar Valley",tier1-live-spatial
5d062926-f822-4d57-bfd5-141ea6644e81,"14 St Andrews St, West Launceston,","Launceston & Tamar Valley",tier1-live-spatial
49efdcd4-b7ab-4f9c-9370-e49f4b925587,"1892 Mole Creek Rd","Launceston & Tamar Valley",tier1-live-spatial
f858ed4e-b57f-446d-8666-198ad83f31d2,"236 Wellington St","Launceston & Tamar Valley",tier1-live-spatial
f42d812e-5108-4c42-9058-a8b8d3a6f554,"28 Seaport Boulevard, Launceston","Launceston & Tamar Valley",tier1-live-spatial
54b1f440-4bc0-4b25-9a1a-e53ea65ed9e1,"3a Coxs Ln","Launceston & Tamar Valley",tier1-live-spatial
c2b8e78b-28a5-416e-9119-6c08ae4f2e7d,"44 Grundys Rd Weegena","Launceston & Tamar Valley",tier1-live-spatial
153b2dcb-504f-4fe8-a7d0-9b274cf174b3,"6 Tower Hill St","Launceston & Tamar Valley",tier1-live-spatial
2d7f3a03-8300-435e-abd2-6d115775ced2,"6/31a Churchill Park Dr","Launceston & Tamar Valley",tier1-live-spatial
c906485b-4b89-4189-86e3-8b3e2ebd0e25,"78 George St Launceston","Launceston & Tamar Valley",tier1-live-spatial
7cb3b206-8e03-4994-b6bd-f645a4f9d7e7,"81 Lalla Rd","Launceston & Tamar Valley",tier1-live-spatial
e0be0dfe-82f0-46ae-82ea-488bf04578a7,"Cnr The Esplanade and 132 High Street, Campbell Town, Tasmania","Launceston & Tamar Valley",tier1-live-spatial
813ebf16-379e-4dd9-ac36-246c8a5138fc,"Ross, Tasmania","Launceston & Tamar Valley",tier1-live-spatial
e6fd397b-fd94-4609-9e5c-665a74967140,"15 Reid St","Tarkine & West Coast",tier1-live-spatial
eba6deeb-9640-48cd-aba6-6f122fa929b8,"44 The Esplanade, Strahan","Tarkine & West Coast",tier1-live-spatial
87bd88a7-7dff-4a24-88c5-df4c6cdbcee1,"14228 Tasman Hwy","East Coast",tier3-best-judgment
3aa5f695-ffe6-4a4a-a1db-9c162073b1b4,"165 Main Road, Binalong Bay, Tasmania","Binalong Bay",tier2-address-locality
144b6a55-4ab2-4ef2-ae38-3945adda4f36,"25977 Tasman Hwy","St Helens",tier2-address-locality
47f5124f-a3d1-45c6-8161-2cca2433f4f1,"535 New England Rd, Goulds","Goulds",tier2-address-locality
085aea37-1d0f-4896-b64e-63abebf36f17,"38 Main St","Bendigo",tier1-live-spatial
4dd9efe3-9271-4bc9-88bc-fa1f65d7f605,"59 Leonards Hill-South Bullarto Rd","Daylesford & Hepburn Springs",tier1-live-spatial
8a537ac2-b869-48c5-b2e8-ef52661790d2,"116 Furner Ave. North Geelong","Geelong",tier1-live-spatial
f7f0351c-49cd-48e5-bb26-7204a2f682b2,"124 Skene street, Newtown","Geelong",tier1-live-spatial
76b866fc-aa69-4154-b234-326715c1d2ce,"2/315 Pakington Street Newtown, Victoria","Geelong",tier1-live-spatial
4be0424d-a9be-4f85-adaf-36a546a1203f,"12 Turnbull Street (Cnr Townsend & Turnbull Streets)  Port Welshpool, Victoria,","Gippsland",tier1-live-spatial
7a582721-b07a-4a4b-a46c-41181e7e2e8f,"1435 Grandridge Road Boolarra South","Gippsland",tier1-live-spatial
8269abef-4095-48bc-b067-1d7555f6f81f,"153-155 Dawson St","Gippsland",tier1-live-spatial
a95f4030-5425-4465-a8bc-0b2adfdb30e0,"368 Mt Baw Baw Tourist Rd","Gippsland",tier1-live-spatial
6313910c-5913-4c85-a053-169898f47601,"16 Grant Street Forrest Victoria","Great Ocean Road",tier1-live-spatial
8f1d5c18-270c-4005-a39c-a89a500d62e9,"1860 Deans Marsh-Lorne Rd","Great Ocean Road",tier1-live-spatial
b98c34c4-2b2a-4ab2-8f08-bc7781420e18,"241 Manifold St, Camperdown VIC","Great Ocean Road",tier1-live-spatial
c30157d8-1a70-43c5-b93d-280ba33cacaa,"96 Gipps St","Great Ocean Road",tier1-live-spatial
71cdaab9-cc52-465e-af1c-a0df96cdeaff,"Warrnambool, VIC","Great Ocean Road",tier1-live-spatial
03e063d5-fada-4be8-ae36-0bbbd0ab625b,"1 Belrose Ave","Melbourne",tier1-live-spatial
bd403951-ffd6-4b69-a3f5-dc8c8fbe76ed,"1029 Mt Alexander Rd","Melbourne",tier1-live-spatial
15a5386e-58ec-41bb-a166-9c98e8b22085,"1310 Malvern Road Malvern Vic,","Melbourne",tier1-live-spatial
e526cc76-c157-4f09-8479-b9748794c752,"136A Cromwell St","Melbourne",tier1-live-spatial
472ee581-bc43-4587-919b-65bc1a30d3b6,"148 Burke Road, Malvern East","Melbourne",tier1-live-spatial
e7c096a5-e78f-4778-a6d1-b8571446d3ff,"19 Morey Street, Armadale, Melbourne","Melbourne",tier1-live-spatial
b0a7c113-e40f-4fce-8c64-a94a6c853bf6,"19-25 Little Bourke St Melbourne","Melbourne",tier1-live-spatial
506d5368-8238-4041-af3c-ad58c652a601,"192 Wellington Parade","Melbourne",tier1-live-spatial
997c05cd-8561-4eed-9b6d-df3cc9bf3d90,"194 Elgin St","Melbourne",tier1-live-spatial
46734f98-d7f4-462f-83e8-d6941a95d936,"22 Collins STreet, dromana","Melbourne",tier1-live-spatial
ebf6c4ef-7248-4861-87de-a1f0a3a73977,"260 Carlisle St","Melbourne",tier1-live-spatial
271ec722-c351-428a-be27-83f5c9488bff,"301 Rossmoyne St Thornbury","Melbourne",tier1-live-spatial
7a87b539-fefc-4e0b-b438-eafa3883aa61,"369 Albert St","Melbourne",tier1-live-spatial
294e174d-693d-43e6-b4d0-c5c7f0759673,"37 Scoresby Rd","Melbourne",tier1-live-spatial
e29014d4-669b-4e67-8720-c13e0b94f98f,"4 Barkly Street, Brunswick East VIC 3057","Melbourne",tier1-live-spatial
d8306772-0850-457d-b7c6-1c083407b317,"47 Merri Concourse","Melbourne",tier1-live-spatial
f9632c30-b048-4939-aa97-0f2a2eec0c6c,"55 Peel St West Melbourne VIC","Melbourne",tier1-live-spatial
83a1e1f7-5ef9-4f18-b9ba-f40b04fa0a0b,"55-57 Gertrude St","Melbourne",tier1-live-spatial
a6296369-c41b-4433-b8ff-f034e2250e37,"550 Tyabb-Tooradin Rd,  Pearcedale, Vic","Melbourne",tier1-live-spatial
7e410e02-d3b1-4e84-a1e9-8bbe8f48c8c8,"555 Queensberry St","Melbourne",tier1-live-spatial
3395ab02-38d4-4baf-a531-2b168ad48922,"58 Industrial Drive, Braeside","Melbourne",tier1-live-spatial
e2bb3545-8662-4d81-b985-5b23a3a055a8,"61 Stubbs St","Melbourne",tier1-live-spatial
0681f994-ae36-4714-b182-ac9110003466,"615 Burwood Rd","Melbourne",tier1-live-spatial
3933d9dc-754d-407d-a352-8af5c1870b35,"66-68 Oakover Rd","Melbourne",tier1-live-spatial
4c9ba290-2646-414f-aec3-50b88dac906d,"668 Princes Hwy","Melbourne",tier1-live-spatial
5e1d0318-926c-41ef-a0d4-508d8b84b3c7,"67 North Street, Richmond VIC 3121","Melbourne",tier1-live-spatial
fc945e4f-0239-487d-975a-d5e6a3263414,"69 A'Beckett St","Melbourne",tier1-live-spatial
96532294-3875-4dee-aa86-902dc9114be8,"7 Wallace Ave, Point Cook VIC","Melbourne",tier1-live-spatial
92aaacd5-4c90-4137-b4c0-6cb266a05239,"773 Glen Huntly Rd","Melbourne",tier1-live-spatial
888dda81-292f-4d36-9daa-56e97677a411,"8 Village Avenue, Brunswick East VIC","Melbourne",tier1-live-spatial
7ac732e9-4816-476e-bb72-d7482165b483,"82 Nelson Pl","Melbourne",tier1-live-spatial
a2e7d85a-c9c4-4ba8-8957-5b5b8ccc90c9,"83b Gamon St","Melbourne",tier1-live-spatial
9f3449f9-139a-4f2c-bb1e-aebcecfa91c7,"95 Charles Street Seddon, Victoria 3011","Melbourne",tier1-live-spatial
77497d85-55af-461e-b0c9-21e76b11cbc9,"Factory 4, 39 Essex Street, Pascoe Vale, VIC, 3044","Melbourne",tier1-live-spatial
41b4023c-bc6e-4fd3-b761-36f785660990,"Gem Pier, Williamstown, Melbourne","Melbourne",tier1-live-spatial
c8dc588c-5146-40d8-859b-1f12d04e3fe1,"113 Cape Schanck Rd","Mornington Peninsula",tier1-live-spatial
96ff61cb-b90c-44d4-80c5-c8c6c9de2dc6,"1549 Frankston, Flinders Rd, Tyabb VIC 3913","Mornington Peninsula",tier1-live-spatial
0abcab60-b26d-441a-9b84-32f36470b377,"166 Balnarring Rd","Mornington Peninsula",tier1-live-spatial
71f63151-aa01-44c2-b14a-e315169b1faa,"166 Balnarring Rd, Merricks North,","Mornington Peninsula",tier1-live-spatial
b07a6753-88f6-4dc3-bd50-ff9eeddc494a,"545 Mornington-Tyabb Rd Moorooduc","Mornington Peninsula",tier1-live-spatial
71349d4e-960d-49c2-9273-01684856f709,"776 Arthurs Seat Rd","Mornington Peninsula",tier1-live-spatial
7e51f18e-2293-4866-bfb0-a096b4a646b7,"91 Browne Ln","Mornington Peninsula",tier1-live-spatial
7a7c6ef7-bd6f-4f0f-ad60-76910204da84,"93 Mornington-Tyabb Rd","Mornington Peninsula",tier1-live-spatial
51b57b21-7a1c-47db-9e1e-dfa9fd4be163,"33A Rhyll-Newhaven Rd","Phillip Island",tier1-live-spatial
a36e4560-98a7-43ac-ac54-5ebd2de96113,"80 Drowleys Rd","Phillip Island",tier1-live-spatial
6d2ca528-2e21-429b-b44a-b973b125a926,"South Gippsland, VIC","Southern Forests",tier1-live-spatial
9c1d9f2d-83b1-4796-bba2-494ddb89056c,"70 Princes Hwy","Sydney",tier1-live-spatial
07664d2d-ca92-4493-8f9f-02383c9137ed,"10 Crosbys Ln","Victorian High Country",tier1-live-spatial
e0309aac-292d-4914-876a-fa485c111b62,"113 Gavan Street, Bright,","Victorian High Country",tier1-live-spatial
53559031-c5e4-4de5-b00b-e686f0d4a799,"116 McCormacks Ln","Victorian High Country",tier1-live-spatial
c827915f-443c-4908-853e-aed716c004d1,"137 Manby Rd","Victorian High Country",tier1-live-spatial
9fb0f294-1fbd-44a3-9b0c-e918eaee1bbe,"149 Reids Way Wooragee VIC 3747","Victorian High Country",tier1-live-spatial
38b26911-c564-4c58-b8da-1d1a7e22ba6b,"19 Mcfadyens Ln","Victorian High Country",tier1-live-spatial
38650db8-7278-4c21-862b-e4bd7e76f7f5,"28 Mountbatten Avenue Bright, Vic","Victorian High Country",tier1-live-spatial
2ca450e2-9e68-4aa2-ba4c-28ea78622e65,"Mornington Peninsula, VIC","Victorian High Country",tier1-live-spatial
25e9c422-0fb3-48fc-8f26-27aaa7d86f45,"1590-1594 Mount Dandenong Tourist Rd","Yarra Valley",tier1-live-spatial
757d5747-37a4-4bec-8f3d-d3b84d44de99,"1602 Mount Dandenong Tourist Rd","Yarra Valley",tier1-live-spatial
898166cd-8c57-45f6-a155-de12c5c69d44,"188-190 Falls Road, Olinda","Yarra Valley",tier1-live-spatial
3eb73d11-6c94-437b-997a-4a12a775de94,"20 Hill Street, Pakenham","Yarra Valley",tier1-live-spatial
e105867b-32b7-4550-a33a-364816eb3465,"21 Bell Street Yarra Glen Vic","Yarra Valley",tier1-live-spatial
a176bcfb-7156-4446-9cf4-6581c8ac1c85,"215 Victoria Rd","Yarra Valley",tier1-live-spatial
8fe68a7a-c376-40d0-a9a5-ca45f705966d,"4 Jarmina Way","Yarra Valley",tier1-live-spatial
7ae415fd-1f11-4238-851c-2444bfbc30c1,"4/1385 Healesville - Koo Wee Rup Rd","Yarra Valley",tier1-live-spatial
001a53da-6e5d-4149-b758-65b43251b88c,"54 Ingram Rd","Yarra Valley",tier1-live-spatial
8e3c5892-e1e7-4f10-b3f4-750929aceb48,"90 Shaftesbury Ave St Andrews","Yarra Valley",tier1-live-spatial
d68080d6-739d-422b-90b5-8b5e54e83f3d,"Unit 4/1153 Main Rd, Eltham, VIC,","Yarra Valley",tier1-live-spatial
f867e5a6-8879-4923-bc03-65b35d10a746,"31 Angove St","Australia's Golden Outback",tier1-live-spatial
5556cbf8-dcd9-49b4-bf54-0212507ffa20,"162 Haag Rd","Margaret River",tier1-live-spatial
1c165b5f-835c-4cd1-9ec4-43ccae4a1ba1,"17 Huntington Court Quedjinup","Margaret River",tier1-live-spatial
dc146661-66fb-4704-b829-585e8316d771,"18 O’Brien St, Cowaramup WA","Margaret River",tier1-live-spatial
b3349a51-7e77-4a47-80e3-affb6bf41630,"1958 Caves Rd","Margaret River",tier1-live-spatial
69c73a50-3315-418d-b971-5c416eded541,"31 Cape Clairault Rd","Margaret River",tier1-live-spatial
93a745fc-68c3-4676-9e63-4cb100dd6581,"43a Town View Terrace","Margaret River",tier1-live-spatial
0e5f2666-8d7d-4d0e-9f69-d7cb7d8a7c91,"498 Osmington Road, Margaret River","Margaret River",tier1-live-spatial
7c3b3425-e166-4eb8-83c8-531038f65e6c,"54 Sheens Road, Naturaliste Western Australia","Margaret River",tier1-live-spatial
3cb7e6f7-801d-4ea8-9acf-aea0056d0840,"92 Holben Rd","Margaret River",tier1-live-spatial
c0aab272-5852-40cf-9304-dc43ed361702,"LOT 3503 CAVES ROAD, WILYABRUP, WA","Margaret River",tier1-live-spatial
68c891c0-36fe-4975-8625-502e4df82710,"Margaret River, WA","Margaret River",tier1-live-spatial
f699ed73-d4ee-40bd-8bbc-40bf75c0a19f,"Armstrong Road, Rosebank New South Wales 2480","Northern Rivers",tier1-live-spatial
4bd2c8db-d6cc-45e1-92ec-2621226d3853,"104 Frobisher St","Perth",tier1-live-spatial
34ad5806-cf7d-4988-815a-2f1ab5809b49,"1200 Alison St","Perth",tier1-live-spatial
4ae2bedb-95b1-4fe5-9a25-5a60d372c3c6,"136 Railway Parade","Perth",tier1-live-spatial
6da74110-862a-4441-81f5-5fe46c56ff94,"15 Point St","Perth",tier1-live-spatial
8dc5f55e-82a3-4be9-8691-16a4d3dca960,"162 Aberdeen St","Perth",tier1-live-spatial
dba2d61b-9b85-49be-8aff-1e8ff4744963,"17 High Street, Fremantle","Perth",tier1-live-spatial
d63530bd-0ea7-4c62-a2bb-48361e1be845,"18-22 Ord Street,","Perth",tier1-live-spatial
5a55ae43-1699-4821-aa47-85f27ab5fcb7,"2/231 Main Rd","Perth",tier1-live-spatial
52e89c72-0e5c-42b2-b637-982b0d4dda32,"233a Drumpellier Drive Whiteman, Western Australia","Perth",tier1-live-spatial
a8fe1d1b-41e2-4186-b8af-9e520fe0700d,"243 Beaufort St","Perth",tier1-live-spatial
4540239a-bb60-4d05-ae0e-4d76569503a0,"28 Rudloc Rd","Perth",tier1-live-spatial
71e7ee55-d38c-4ad1-bf18-38dd8f700b85,"282 South Tce, South Fremantle","Perth",tier1-live-spatial
6ce3dcb0-63cb-4802-b0ce-823cb6431fd7,"2c Johnson Road Maylands WA 6051","Perth",tier1-live-spatial
6e89831b-fd04-4250-b874-096955c74365,"3 Preston Street   Como WA 6152   Western Australia","Perth",tier1-live-spatial
34e64315-07d0-4de7-a2f9-269de3b550c8,"30 Drake St","Perth",tier1-live-spatial
c2631ec8-b058-43ce-a783-2bed7f214a96,"30 Mundaring Weir Road  Kalamunda","Perth",tier1-live-spatial
3c00c546-1de6-4d93-aa92-34be16a2735b,"301 Lord St, Beechboro Western Australia","Perth",tier1-live-spatial
ddf9fef9-d16f-4357-8030-9173273ffbd7,"40 Marine Parade","Perth",tier1-live-spatial
4ca7f5f5-3cd0-47a4-a22c-5434ab7df7e7,"41 Welshpool Rd","Perth",tier1-live-spatial
d04bf153-76a6-4eb7-86ee-cc5069df6ba2,"42 Mount St","Perth",tier1-live-spatial
010e428a-c8ab-4119-93fe-0867ca2abc35,"43 Attfield St","Perth",tier1-live-spatial
dfb881fb-551c-4e89-a146-7c84317cfc08,"448 Nicholson Rd Forrestdale Western Australia","Perth",tier1-live-spatial
dfbfc7fa-2a01-457f-bbb9-354a7d4f473e,"464 William St","Perth",tier1-live-spatial
2c597a13-b9c2-4104-8df5-04075fecea83,"525 Falls Rd","Perth",tier1-live-spatial
ac204aa3-433f-46c7-9a0d-75e6824e66ba,"623 Warton Rd","Perth",tier1-live-spatial
74895741-db83-40d4-85fd-c330d227d569,"68 Nettleton Rd","Perth",tier1-live-spatial
11ac057f-2932-4aa2-8413-d529a85bac83,"7/15 Port Kembla Dr","Perth",tier1-live-spatial
102208ba-1f47-4a9d-ba10-aed8c30110d6,"772 Beaufort St","Perth",tier1-live-spatial
d4e85930-1604-471f-9d2c-1e43ca18ca31,"8/16 Guthrie St","Perth",tier1-live-spatial
632d0770-8006-48c4-bf1b-73deb5817a10,"85 Carinyah Rd","Perth",tier1-live-spatial
2738d406-953d-444f-9f05-2d6256d7648c,"86 Williams Street, Gooseberry Hill,","Perth",tier1-live-spatial
5593860e-dee5-4e83-b434-2d9e41e50d87,"9 Wilson Road, Pinjarra, Western Australia","Perth",tier1-live-spatial
3449ea9d-010e-4eea-8c96-b819b476ad92,"Pippin Drysdale 22 Tuckfield Street,","Perth",tier1-live-spatial
4bdae587-f846-4f9c-85c0-c1727dbac8cc,"Shop/5 Enterprise Ave 5 Enterprise Ave, Two Rocks WA","Perth",tier1-live-spatial
13eb39ec-9310-4875-b26d-27b9d9c962e8,"323 Great Northern Highway, Broome","Broome",tier2-address-locality
de41706f-e7e8-4963-99dc-7957fb7967dd,"49 Guthrie St","Brisbane",tier1-live-spatial
0cabeab5-c94f-471d-809c-fb1ff21ff009,"475 Warrigal Rd","Melbourne",tier1-live-spatial
07d66c08-51c2-4a3a-bb53-98035589c7b3,"507 Wattle St, Ultimo","Sydney",tier1-live-spatial
e5b034bd-7e13-479a-bb81-bb92c1c91dbf,"175 Swan St","Hunter Valley",tier3-best-judgment
6582e779-2a7b-439c-a918-52e8dfd9211d,"50 New St, Falmouth","Falmouth",tier2-address-locality
8a8cba2c-9a34-436d-9e62-b25f3726d362,"88 William St","Young",tier3-best-judgment
